{
  "results": [
    {
      "params": {
        "expansion_k": 5,
        "use_adaptive": true
      },
      "hits@10": 0.55,
      "latency_ms": 30.322611331939697,
      "efficiency": 0.1612008025849105
    },
    {
      "params": {
        "expansion_k": 10,
        "use_adaptive": true
      },
      "hits@10": 0.5,
      "latency_ms": 37.817442417144775,
      "efficiency": 0.1376360022841938
    },
    {
      "params": {
        "expansion_k": 20,
        "use_adaptive": true
      },
      "hits@10": 0.5,
      "latency_ms": 39.84614610671997,
      "efficiency": 0.13568426436759365
    },
    {
      "params": {
        "expansion_k": 10,
        "use_adaptive": false
      },
      "hits@10": 0.5,
      "latency_ms": 37.79412508010864,
      "efficiency": 0.13765937389004324
    }
  ],
  "best": {
    "params": {
      "expansion_k": 5,
      "use_adaptive": true
    },
    "hits@10": 0.55,
    "latency_ms": 30.322611331939697,
    "efficiency": 0.1612008025849105
  }
}